family,n,rho,p
GPT-2,5,0.9999999999999999,1.4042654220543672e-24
GPT-Neo,3,0.5,0.6666666666666667
